,city,latitude,longitude,temperature,humidity,cloudiness,wind speed
0,bow island,50.23,-111.1,35.6,74.0,75.0,9.17
1,bethel,41.51,-172.2,15.8,85.0,1.0,9.17
2,bengkulu,-16.52,86.64,,,,
3,east london,-70.33,50.47,73.7,100.0,8.0,2.26
4,fort nelson,59.36,-125.03,35.6,64.0,90.0,5.82
5,chuy,-44.73,-38.47,74.24,66.0,0.0,12.77
6,anicuns,-16.27,-50.04,77.03,84.0,36.0,2.37
7,jamestown,-9.26,-3.13,49.4,74.0,0.0,14.23
8,puerto ayora,-6.42,-93.43,87.8,62.0,40.0,17.22
9,busselton,-38.73,104.96,74.78,84.0,0.0,16.24
10,college,64.59,-149.75,26.6,85.0,90.0,4.7
11,longyearbyen,81.43,22.03,5.0,60.0,20.0,19.46
12,yulara,-28.59,130.08,73.4,33.0,0.0,9.17
13,kungurtug,49.6,96.95,7.01,69.0,0.0,2.82
14,cidreira,-36.48,-44.11,70.91,81.0,76.0,1.92
15,punta arenas,-60.79,-89.18,53.6,46.0,20.0,19.46
16,severo-kurilsk,32.52,164.47,22.31,100.0,36.0,21.61
17,bartica,6.31,-58.99,86.0,70.0,75.0,13.87
18,kapaa,21.27,-174.14,71.6,78.0,90.0,16.11
19,cape town,-53.69,-13.22,66.2,68.0,75.0,2.24
20,nikolskoye,36.07,172.53,26.6,86.0,90.0,13.42
21,warmbad,-29.13,18.66,30.2,92.0,75.0,5.82
22,ancud,-39.79,-86.07,59.3,64.0,24.0,3.38
23,coquimbo,-30.86,-76.93,64.4,68.0,0.0,9.17
24,provideniya,54.6,-174.93,19.7,100.0,48.0,8.41
25,emerald,-24.99,144.29,69.74,85.0,36.0,8.97
26,karpathos,33.81,27.55,57.2,71.0,44.0,3.36
27,tuktoyaktuk,83.76,-122.34,3.2,83.0,75.0,5.82
28,port elizabeth,-86.97,38.74,35.6,80.0,90.0,27.51
29,whyalla,-32.88,136.31,59.0,67.0,0.0,16.11
30,khani,56.29,119.76,66.2,48.0,90.0,23.04
31,marsassoum,12.93,-16.02,89.6,43.0,0.0,9.17
32,hofn,64.55,-11.86,40.94,91.0,68.0,12.88
33,albany,-83.44,90.85,37.4,32.0,1.0,6.93
34,lorengau,3.2,145.27,82.61,99.0,68.0,13.56
35,yellowknife,67.82,-113.97,8.6,60.0,20.0,11.41
36,dikson,85.42,75.82,5.66,100.0,68.0,12.44
37,sentyabrskiy,40.18,151.65,,,,
38,vaini,-32.23,-179.77,65.6,71.0,0.0,1.92
39,nanortalik,57.52,-47.3,32.75,99.0,80.0,6.62
40,samusu,-13.68,-167.9,,,,
41,ilulissat,78.11,-45.37,19.4,85.0,90.0,4.7
42,rikitea,-12.73,-116.99,81.08,99.0,68.0,14.45
43,yumen,40.01,97.24,34.19,68.0,0.0,9.19
44,os,62.12,11.26,,,,
45,lomovka,53.73,58.61,8.6,84.0,0.0,8.95
46,foshan,23.06,112.84,53.6,66.0,75.0,11.18
47,aykhal,67.01,111.48,21.5,88.0,80.0,10.98
48,palmer,62.9,-148.36,53.6,58.0,0.0,9.17
49,axim,-5.6,-3.11,82.97,98.0,92.0,12.1
50,guerrero negro,20.82,-125.2,77.48,30.0,8.0,8.97
51,cherskiy,77.68,158.48,-25.76,40.0,0.0,2.71
52,samarai,-10.93,153.67,78.74,100.0,92.0,5.39
53,hilo,28.0,-141.34,71.6,83.0,90.0,4.7
54,barmer,25.88,71.49,70.28,28.0,0.0,10.76
55,beni suef,28.7,32.09,61.19,45.0,0.0,3.38
56,port alfred,-86.25,51.12,68.66,94.0,92.0,11.1
57,luderitz,-33.1,4.17,64.4,72.0,80.0,19.46
58,butaritari,20.45,176.1,82.16,100.0,24.0,12.21
59,mar del plata,-65.96,-31.49,59.84,46.0,0.0,7.18
60,changtu,42.98,124.04,4.13,62.0,8.0,3.71
61,davila,20.32,119.2,73.88,100.0,80.0,8.86
62,shitanjing,39.82,104.8,30.68,87.0,24.0,3.71
63,clyde river,68.2,-81.88,-14.81,75.0,5.0,2.24
64,new norfolk,-56.18,134.55,46.4,75.0,75.0,9.17
65,salalah,17.2,57.74,77.0,78.0,0.0,3.36
66,barentsburg,77.87,-0.82,,,,
67,kindu,-1.96,26.04,71.0,92.0,80.0,2.48
68,daru,-10.23,144.08,79.28,75.0,0.0,8.75
69,laguna,-44.07,-31.29,78.8,24.0,5.0,10.29
70,santa clara,24.51,-103.36,89.6,40.0,75.0,10.29
71,port hardy,49.66,-126.84,44.6,81.0,90.0,10.29
72,tuatapere,-54.71,160.57,53.81,100.0,68.0,8.75
73,santiago del estero,-27.28,-62.9,82.52,29.0,0.0,7.96
74,souillac,-29.8,62.74,44.6,69.0,0.0,12.75
75,bilibino,71.24,166.67,-25.04,36.0,0.0,2.37
76,grand gaube,-19.17,58.84,80.6,88.0,75.0,9.53
77,ponta do sol,25.4,-26.4,77.84,83.0,8.0,2.93
78,conakry,8.78,-14.33,84.2,70.0,24.0,6.93
79,airai,8.5,145.01,67.76,88.0,56.0,1.59
80,qaqortoq,56.96,-48.24,37.4,69.0,75.0,2.24
81,narsaq,76.64,-65.92,37.4,69.0,75.0,2.24
82,ponta delgada,33.26,-28.34,62.6,93.0,20.0,13.87
83,san marco in lamis,41.71,15.6,51.29,100.0,20.0,15.68
84,chokurdakh,78.93,145.64,-30.98,53.0,0.0,6.62
85,kamenka,72.45,45.28,2.69,65.0,68.0,2.93
86,mount isa,-24.08,142.32,73.4,64.0,0.0,4.7
87,imbituba,-28.24,-46.86,69.8,88.0,75.0,3.36
88,barrow,85.53,-163.66,60.83,49.0,0.0,17.69
89,cruzeiro do sul,-8.02,-72.01,86.0,70.0,75.0,6.93
90,muros,43.08,-14.49,42.8,75.0,75.0,8.05
91,iberia,-11.06,-70.85,84.41,76.0,32.0,2.71
92,panzhihua,27.18,100.51,51.56,52.0,0.0,3.83
93,saryshagan,47.35,72.87,,,,
94,upernavik,85.49,-56.66,-1.64,100.0,32.0,5.28
95,baykit,64.63,96.06,12.95,74.0,24.0,6.62
96,nuuk,65.73,-50.61,39.2,64.0,40.0,12.75
97,arawa,-4.69,155.46,80.0,72.0,20.0,4.72
98,loding,67.65,15.02,24.8,79.0,20.0,9.17
99,torbay,31.81,-46.34,32.0,93.0,90.0,20.8
100,katsuura,18.59,151.04,41.0,100.0,90.0,13.87
101,atuona,-7.44,-129.8,79.64,100.0,36.0,12.88
102,hermanus,-40.87,15.58,55.7,90.0,92.0,2.71
103,ushuaia,-77.99,-31.79,51.8,50.0,0.0,25.28
104,puri,15.51,88.88,66.5,89.0,8.0,1.03
105,udachnyy,68.84,110.95,22.4,83.0,80.0,7.63
106,mys shmidta,88.13,-177.79,,,,
107,hidalgotitlan,17.57,-94.64,84.2,79.0,40.0,28.86
108,lompoc,24.13,-135.18,64.4,39.0,90.0,6.93
109,mahebourg,-44.3,75.15,80.6,88.0,75.0,5.95
110,san pedro de macoris,18.58,-69.24,86.0,62.0,40.0,11.41
111,tasiilaq,61.79,-32.58,37.4,74.0,75.0,12.75
112,trairi,3.56,-35.69,82.88,100.0,32.0,14.45
113,te anau,-42.05,166.42,52.19,100.0,92.0,1.81
114,mataura,-79.93,-154.84,53.45,100.0,92.0,12.44
115,carutapera,-0.39,-45.29,80.54,85.0,76.0,8.75
116,lake city,30.18,-82.91,39.2,31.0,75.0,5.82
117,hamilton,34.46,-69.01,68.0,64.0,40.0,14.99
118,ostrovnoy,69.15,40.54,9.8,87.0,80.0,17.13
119,faanui,-8.97,-153.26,78.74,100.0,68.0,13.44
120,arraial do cabo,-42.22,-27.77,89.6,62.0,20.0,6.93
121,burica,7.46,-84.31,,,,
122,port keats,-12.66,127.3,74.6,100.0,44.0,8.63
123,mayo,62.7,-135.6,26.6,49.0,90.0,16.11
124,lebu,-31.85,-98.52,50.21,76.0,0.0,4.72
125,tabiauea,-3.58,168.21,,,,
126,avarua,-49.03,-164.54,82.4,83.0,40.0,3.36
127,hasaki,27.77,159.64,44.6,65.0,75.0,10.29
128,parfenyevo,58.66,43.56,20.87,92.0,12.0,8.3
129,madingou,-4.56,13.52,77.12,85.0,80.0,2.37
130,tilichiki,60.99,164.56,31.31,90.0,88.0,19.04
131,leningradskiy,81.75,179.79,-11.18,76.0,24.0,11.21
132,belushya guba,73.87,45.64,,,,
133,saldanha,-36.19,8.27,38.24,57.0,0.0,10.76
134,alice springs,-22.29,136.67,64.4,52.0,20.0,7.63
135,roma,-26.47,144.7,50.0,87.0,75.0,5.82
136,kestel,40.15,29.15,43.46,69.0,0.0,2.93
137,espinosa,-14.93,-42.96,73.88,82.0,44.0,1.48
138,atar,23.82,-11.6,68.21,23.0,0.0,7.4
139,bluff,-80.05,164.15,70.28,79.0,64.0,9.42
140,pangnirtung,69.66,-61.64,-0.41,77.0,20.0,3.36
141,codrington,23.55,-47.89,67.76,99.0,100.0,5.5
142,killarney,48.83,-99.6,65.78,98.0,80.0,6.4
143,chernyshevskiy,62.39,110.94,17.45,80.0,0.0,5.61
144,bambous virieux,-28.31,73.56,80.6,88.0,75.0,5.95
145,teguise,29.8,-12.17,64.4,59.0,20.0,32.21
146,tsihombe,-38.31,46.64,,,,
147,romanovo,52.83,81.11,8.18,66.0,0.0,2.93
148,faya,18.78,16.6,66.2,34.0,20.0,4.7
149,high rock,25.94,-78.14,82.4,78.0,75.0,12.75
150,castro,-42.6,-92.29,57.05,64.0,8.0,3.38
151,qaanaaq,83.21,-69.61,-13.16,79.0,32.0,4.72
152,omboue,-5.83,3.16,82.88,100.0,76.0,7.96
153,ures,29.76,-110.31,76.13,30.0,0.0,9.86
154,kyaikkami,16.02,97.74,73.34,92.0,0.0,3.83
155,constantine,36.25,7.41,42.8,47.0,40.0,12.75
156,amderma,80.82,59.31,,,,
157,olavarria,-36.52,-60.17,66.23,44.0,0.0,16.13
158,kasangulu,-4.77,15.89,84.2,66.0,75.0,2.15
159,san cristobal,-0.7,-85.66,69.8,46.0,40.0,16.11
160,beringovskiy,56.13,174.93,11.33,100.0,92.0,8.63
161,malia,23.0,70.82,53.6,87.0,20.0,6.93
162,vallenar,-29.07,-69.82,71.36,68.0,0.0,2.71
163,padang,-6.13,89.73,76.67,100.0,92.0,13.44
164,solaro,44.71,9.2,48.2,93.0,0.0,2.24
165,saskylakh,84.48,117.52,17.18,83.0,64.0,20.49
166,makarov,48.24,144.02,11.06,84.0,20.0,8.19
167,bredasdorp,-53.64,19.55,66.2,63.0,92.0,9.17
168,bousse,13.55,-3.89,37.4,69.0,0.0,3.36
169,northam,-28.3,118.66,44.6,100.0,40.0,4.7
170,zhigansk,73.1,121.24,-14.15,43.0,8.0,4.38
171,beyneu,46.13,55.21,39.14,95.0,44.0,2.82
172,chipinge,-20.04,32.87,71.54,89.0,0.0,4.94
173,georgetown,-3.61,-18.74,86.0,70.0,75.0,13.87
174,hobart,-80.96,144.95,46.4,75.0,75.0,9.17
175,touros,-0.8,-34.74,82.16,79.0,68.0,10.76
176,misratah,33.67,17.1,63.8,67.0,0.0,13.89
177,carnarvon,-24.85,98.55,58.22,12.0,0.0,9.42
178,scottsbluff,41.47,-103.81,50.0,25.0,75.0,20.8
179,santa rosa,-13.58,-66.64,68.84,30.0,0.0,11.21
180,jeremie,19.41,-73.69,76.04,100.0,76.0,3.04
181,mikhaylovka,44.53,72.05,23.48,77.0,0.0,5.95
182,finschhafen,-5.01,147.99,71.99,100.0,92.0,2.15
183,zharkovskiy,55.95,32.34,23.12,87.0,88.0,5.61
184,saint george,33.6,-61.6,51.8,62.0,20.0,9.17
185,lavumisa,-27.22,32.15,73.79,76.0,12.0,5.73
186,husavik,79.33,-8.18,32.21,100.0,80.0,6.51
187,rio gallegos,-48.83,-69.18,60.8,29.0,0.0,13.87
188,khatanga,80.36,106.87,8.36,87.0,80.0,14.23
189,salinopolis,2.81,-45.08,80.54,100.0,92.0,11.77
190,ayan,57.59,136.87,42.11,52.0,0.0,5.73
191,victoria,-7.01,65.06,77.0,100.0,75.0,1.12
192,kaeo,-33.27,174.68,69.74,66.0,20.0,10.98
193,lixourion,37.06,19.46,57.5,100.0,12.0,17.13
194,saint-philippe,-40.27,61.94,26.6,49.0,1.0,8.05
195,kungalv,57.96,11.63,30.2,63.0,0.0,3.36
196,sainte-suzanne,-20.05,56.19,35.6,92.0,75.0,16.11
197,kano,12.15,8.33,70.82,55.0,0.0,1.7
198,ust-kulom,61.07,53.1,22.22,90.0,92.0,4.38
199,wladyslawowo,55.93,17.71,30.2,63.0,75.0,12.75
200,boffa,9.44,-14.93,78.11,76.0,0.0,7.52
201,puerto ayacucho,4.93,-65.74,98.6,35.0,40.0,3.36
202,taolanaro,-52.19,53.03,,,,
203,brae,69.27,-0.87,42.8,86.0,88.0,10.29
204,ribeira grande,35.48,-39.89,63.71,94.0,92.0,13.22
205,krasnoselkup,63.75,84.33,,,,
206,hammerfest,75.41,21.44,23.0,49.0,0.0,9.17
207,oranjemund,-30.19,15.1,60.74,96.0,12.0,13.89
208,rome,43.44,-75.31,50.0,87.0,75.0,5.82
209,dharchula,31.95,82.23,33.74,74.0,20.0,1.59
210,leh,35.93,78.88,-8.48,77.0,64.0,1.81
211,kloulklubed,4.84,132.15,78.8,94.0,40.0,5.82
212,isangel,-21.27,176.64,80.63,100.0,0.0,8.63
213,grindavik,52.04,-24.53,39.2,80.0,75.0,13.87
214,huarmey,-11.12,-80.56,75.86,62.0,36.0,3.94
215,thompson,74.36,-91.43,28.4,21.0,40.0,9.17
216,sawakin,19.35,37.15,80.6,78.0,0.0,4.7
217,saint-joseph,-27.66,54.88,51.8,61.0,90.0,3.36
218,alihe,49.95,123.02,9.08,60.0,0.0,4.38
219,ambilobe,-10.52,50.88,73.25,93.0,0.0,4.5
220,wajir,2.43,40.6,73.88,87.0,56.0,6.17
221,terra nova,-12.3,-40.98,84.2,70.0,20.0,14.99
222,mana,12.5,-51.68,35.6,80.0,75.0,5.82
223,aripuana,-10.06,-59.06,80.18,90.0,32.0,2.37
224,adrar,27.93,-1.52,80.6,24.0,0.0,6.93
225,illoqqortoormiut,81.67,-8.96,,,,
226,polunochnoye,62.09,60.64,13.49,75.0,76.0,6.73
227,braganca,41.69,-6.33,79.46,86.0,68.0,6.73
228,manokwari,0.56,134.48,82.7,98.0,24.0,12.77
229,olafsvik,63.01,-29.39,,,,
230,fairbanks,65.58,-142.72,26.6,85.0,90.0,4.7
231,necochea,-52.43,-52.3,60.02,72.0,88.0,19.82
232,sao joao da barra,-28.82,-31.7,87.8,55.0,20.0,17.22
233,sobolevo,53.72,153.85,20.69,84.0,92.0,1.92
234,kavaratti,10.14,69.66,83.6,100.0,8.0,3.15
235,fortuna,38.25,-128.22,51.8,65.0,20.0,4.7
236,san patricio,3.77,-119.17,70.91,90.0,80.0,5.17
237,shimoda,27.02,139.99,47.51,100.0,92.0,35.03
238,yamada,39.45,141.89,39.2,60.0,75.0,19.46
239,srednekolymsk,70.4,155.45,-24.68,75.0,0.0,3.38
240,iqaluit,60.3,-76.21,-0.41,70.0,20.0,19.46
241,palabuhanratu,-21.88,93.49,,,,
242,hornepayne,50.84,-84.92,19.34,40.0,0.0,3.6
243,vila franca do campo,35.95,-25.36,62.6,93.0,20.0,13.87
244,port hedland,-23.33,122.17,84.2,66.0,32.0,5.82
245,ksenyevka,53.73,118.32,,,,
246,riyadh,24.39,46.98,80.6,15.0,0.0,4.7
247,itaituba,-3.79,-55.13,86.39,70.0,8.0,2.48
248,kulhudhuffushi,6.42,69.76,83.6,100.0,12.0,6.51
249,marv dasht,30.74,53.31,,,,
250,forrest city,35.0,-90.49,46.4,70.0,36.0,13.87
251,sibu,5.13,109.81,73.4,100.0,75.0,4.7
252,norman wells,66.84,-123.42,17.6,78.0,90.0,4.7
253,nakapiripirit,2.12,34.45,58.31,89.0,0.0,3.15
254,avera,-20.23,-154.84,78.8,41.0,40.0,9.17
255,honggang,46.17,124.59,26.45,79.0,0.0,2.15
256,stargard szczecinski,53.22,15.19,28.4,79.0,0.0,4.7
257,ulaangom,48.1,92.97,-0.11,70.0,0.0,2.15
258,koslan,67.11,48.8,5.03,67.0,76.0,7.63
259,dunedin,-48.46,174.05,61.1,97.0,80.0,2.26
260,ayorou,14.65,1.1,76.85,25.0,12.0,2.71
261,havelock,30.74,-74.82,75.2,73.0,75.0,21.92
262,mansion,17.71,-62.4,,,,
263,coihaique,-46.9,-70.11,59.0,50.0,0.0,6.93
264,hithadhoo,-3.48,75.55,85.58,98.0,48.0,10.98
265,pietersburg,-23.91,29.66,,,,
266,nadadores,26.84,-101.76,75.95,16.0,0.0,5.39
267,wangqing,43.32,129.71,-1.1,66.0,0.0,2.15
268,muroto,27.86,136.22,46.97,100.0,100.0,13.67
269,oksfjord,75.39,21.06,23.0,49.0,0.0,9.17
270,camacha,37.34,-17.64,60.8,72.0,40.0,14.99
271,tessalit,23.71,3.71,65.24,27.0,0.0,3.04
272,shelburne,41.33,-64.17,35.6,37.0,1.0,9.17
273,warqla,31.18,3.2,,,,
274,liberty,39.44,-94.48,44.6,86.0,90.0,6.93
275,bougouni,10.76,-7.8,78.56,59.0,0.0,2.82
276,stephenville,47.93,-58.64,64.4,29.0,1.0,8.05
277,aksu,40.08,78.74,24.8,85.0,0.0,11.18
278,yeppoon,-19.86,154.6,71.6,83.0,40.0,8.05
279,mangrol,19.13,68.18,63.89,87.0,32.0,7.18
280,seoul,39.11,129.25,37.4,40.0,0.0,12.75
281,kahului,35.77,-144.99,73.4,73.0,40.0,16.11
282,belyy yar,59.64,84.95,21.2,92.0,0.0,2.24
283,kazalinsk,46.85,60.67,,,,
284,morrinhos,-17.9,-49.21,84.5,65.0,12.0,2.93
285,tomigusuku,26.73,126.17,64.4,88.0,75.0,20.8
286,egvekinot,64.84,-176.81,-9.11,65.0,20.0,3.04
287,whitehorse,63.12,-132.27,23.0,92.0,90.0,10.29
288,poya,-26.34,161.4,76.76,98.0,0.0,9.42
289,buchanan,1.76,-12.46,82.4,83.0,40.0,4.7
290,neuquen,-40.24,-68.66,61.64,24.0,0.0,6.62
291,ostersund,63.52,15.78,28.4,86.0,75.0,9.17
292,olpad,21.21,72.47,76.94,88.0,0.0,12.21
293,malumfashi,11.58,7.56,70.91,35.0,0.0,4.94
294,nachingwea,-10.27,38.86,72.53,94.0,56.0,2.82
295,poum,-21.3,158.44,32.39,83.0,36.0,1.81
296,eureka,41.33,-127.04,57.2,76.0,90.0,3.36
297,sao filipe,7.95,-29.77,71.18,93.0,0.0,19.04
298,monrovia,1.89,-13.11,82.4,83.0,40.0,4.7
299,tiksi,71.96,125.94,-33.68,60.0,8.0,2.59
300,coahuayana,8.73,-109.1,92.06,19.0,0.0,2.93
301,peniche,39.53,-13.01,51.8,76.0,20.0,14.99
302,lahat,-3.51,103.8,71.45,99.0,92.0,4.16
303,tiarei,-14.37,-147.95,86.0,62.0,40.0,3.36
304,perth,-31.84,114.98,41.0,60.0,0.0,7.4
305,corrientes,-27.62,-58.67,73.4,56.0,0.0,13.87
306,sergeyevka,53.5,68.33,20.87,88.0,92.0,4.72
307,ongandjera,-18.05,15.06,68.21,94.0,32.0,5.95
308,meyungs,12.39,132.24,,,,
309,barry,51.22,-3.48,44.6,70.0,75.0,4.7
310,wukari,7.49,10.28,88.73,41.0,44.0,11.43
311,ketchikan,56.33,-132.69,46.4,75.0,75.0,8.05
312,portland,-50.51,135.02,53.6,62.0,1.0,8.05
313,collie,-33.7,116.17,73.88,43.0,0.0,15.23
314,san pedro,-24.95,-63.86,76.4,46.0,0.0,13.78
315,chapais,56.07,-73.29,15.8,52.0,90.0,8.05
316,hambantota,-0.61,82.92,79.82,100.0,44.0,5.61
317,carauari,-5.18,-65.92,86.66,77.0,20.0,1.36
318,pimenta bueno,-11.16,-59.93,87.38,67.0,36.0,2.15
319,buala,-1.03,161.7,81.71,96.0,8.0,4.72
320,henties bay,-24.64,4.75,65.33,91.0,80.0,6.06
321,lopukhiv,48.29,24.0,18.44,88.0,76.0,2.93
322,khandyga,63.26,134.8,-22.25,64.0,0.0,2.59
323,nabire,-2.32,134.49,68.03,95.0,64.0,1.59
324,dingle,53.18,-18.85,74.78,95.0,20.0,9.08
325,biak,-1.35,137.8,76.94,100.0,8.0,2.93
326,maridi,5.94,29.55,,,,
327,akola,20.81,77.16,68.48,83.0,32.0,2.71
328,port blair,10.24,93.59,81.8,100.0,32.0,5.28
329,westport,53.78,-10.19,39.2,64.0,75.0,9.17
330,victor harbor,-38.88,136.38,53.6,58.0,0.0,9.17
331,usinsk,67.37,58.43,-18.11,52.0,12.0,3.38
332,berdigestyakh,62.48,125.25,-15.68,45.0,0.0,2.71
333,shinjo,38.75,140.13,17.18,77.0,64.0,2.04
334,abashiri,44.5,144.66,7.91,67.0,0.0,6.4
335,pozo colorado,-24.63,-59.4,81.26,72.0,76.0,9.64
336,mao,15.43,13.72,89.6,46.0,20.0,11.41
337,vanimo,-0.17,141.54,80.72,100.0,44.0,12.33
338,inta,66.71,59.59,-7.76,62.0,48.0,3.94
339,dalby,-27.87,150.69,62.6,93.0,40.0,6.93
340,cockburn town,25.3,-67.13,77.66,100.0,64.0,12.33
341,warrenton,-28.32,25.17,60.11,94.0,0.0,7.74
342,cabo san lucas,8.7,-118.92,82.4,44.0,5.0,3.36
343,worland,43.64,-107.7,50.0,24.0,40.0,4.7
344,yar-sale,70.7,71.73,-15.41,46.0,32.0,9.86
345,kaitangata,-73.82,177.77,57.68,100.0,76.0,11.21
346,birao,11.91,24.16,75.5,21.0,20.0,8.41
347,haines junction,57.87,-141.67,16.1,69.0,68.0,6.17
348,port lincoln,-40.83,134.71,63.71,86.0,80.0,16.91
349,ambon,-2.05,126.21,42.8,70.0,75.0,13.87
350,samalaeulu,-3.72,-166.52,,,,
351,patroha,48.15,22.02,28.4,68.0,90.0,8.95
352,estelle,29.42,-89.8,62.6,29.0,5.0,9.17
353,port moresby,-9.11,147.17,75.2,100.0,90.0,3.36
354,inirida,2.76,-69.21,90.17,52.0,12.0,0.25
355,breves,-1.58,-50.17,83.51,81.0,64.0,9.86
356,nizhneyansk,83.93,133.73,,,,
357,limoncito,-18.25,-63.18,82.4,61.0,75.0,4.7
358,eucaliptus,-17.54,-67.47,64.4,52.0,75.0,14.99
359,nemuro,38.19,150.14,27.08,100.0,0.0,15.35
360,birin,35.68,3.65,43.46,86.0,0.0,3.83
361,lata,-7.49,168.44,40.49,60.0,48.0,2.15
362,dekar,-22.08,22.71,78.11,45.0,92.0,3.6
363,naraini,25.07,80.63,70.73,55.0,20.0,7.96
364,pierre,42.88,-99.54,35.6,74.0,90.0,5.61
365,kodiak,43.92,-148.79,41.0,80.0,90.0,14.99
366,ust-kachka,58.03,55.64,15.8,61.0,0.0,13.42
367,havoysund,77.73,23.95,23.0,49.0,0.0,9.17
368,vaitupu,3.09,-175.47,,,,
369,zagare,56.33,23.11,28.4,74.0,90.0,16.11
370,terra santa,-2.32,-56.39,88.37,63.0,12.0,3.71
371,mazagao,-0.33,-51.95,91.4,59.0,40.0,10.29
372,dapdap,12.04,125.85,77.3,100.0,32.0,7.07
373,billingham,54.63,-1.32,42.8,69.0,20.0,5.82
374,karlskrona,55.6,16.14,26.6,86.0,0.0,1.12
375,tome-acu,-2.79,-48.57,,,,
376,rocha,-45.52,-44.16,68.84,54.0,0.0,14.34
377,rawannawi,3.03,175.46,,,,
378,lavrentiya,78.51,-169.94,8.63,100.0,56.0,10.42
379,roblin,51.31,-101.24,27.98,100.0,88.0,6.62
380,puerto colombia,13.36,-77.65,87.8,58.0,40.0,13.87
381,doha,28.44,46.41,69.8,77.0,0.0,1.12
382,vestmannaeyjar,57.88,-17.22,40.49,91.0,80.0,6.17
383,antipovka,49.79,44.94,17.0,90.0,92.0,9.98
384,taksimo,55.09,115.43,5.21,67.0,32.0,1.7
385,elat,29.13,35.64,71.18,95.0,32.0,2.82
386,batemans bay,-38.16,151.99,60.02,100.0,92.0,9.08
387,arlit,20.65,7.44,70.73,25.0,0.0,4.94
388,emporia,38.38,-95.86,44.6,65.0,90.0,12.75
389,safwah,27.13,50.1,,,,
390,sabang,6.28,93.51,72.44,100.0,20.0,3.49
391,san jose de guanipa,9.17,-64.11,93.68,33.0,48.0,13.56
392,winchester,42.45,-71.12,42.8,60.0,20.0,3.36
393,kalmunai,7.8,83.48,74.69,98.0,64.0,1.7
394,bellevue,44.68,-87.7,51.8,61.0,40.0,3.36
395,esperance,-33.16,127.32,87.8,45.0,40.0,7.96
396,nelson bay,-39.06,159.6,71.6,88.0,90.0,23.04
397,tutoia,2.05,-41.95,87.8,70.0,40.0,13.87
398,gayny,60.99,54.45,22.04,87.0,88.0,11.1
399,miramar,22.51,-97.2,82.4,51.0,40.0,10.29
400,panama city,27.97,-86.19,73.4,53.0,1.0,25.28
401,tazovskiy,69.82,78.49,-11.9,76.0,44.0,10.2
402,turukhansk,63.33,88.91,14.03,84.0,76.0,12.44
403,turka,52.44,108.66,19.25,88.0,88.0,4.38
404,takestan,36.04,49.68,53.6,40.0,0.0,2.24
405,chauk,21.01,93.74,69.92,78.0,12.0,2.37
406,owando,-0.71,16.42,74.69,94.0,80.0,1.48
407,verkhniy avzyan,53.54,57.5,0.62,59.0,0.0,2.71
408,camacupa,-12.14,18.45,65.51,89.0,68.0,5.39
409,terney,45.69,136.91,22.13,100.0,0.0,9.64
410,deputatskiy,69.85,138.77,-38.81,77.0,8.0,2.71
411,nouadhibou,22.93,-19.59,68.0,60.0,0.0,26.4
412,klaksvik,69.66,-2.46,42.8,81.0,48.0,5.82
413,kaohsiung,22.43,120.15,66.2,72.0,40.0,10.29
414,rovaniemi,65.87,26.26,12.2,72.0,0.0,12.75
415,mundo nuevo,19.93,-94.34,68.0,77.0,0.0,11.41
416,vardo,80.31,35.38,30.2,92.0,90.0,12.75
417,sisimiut,67.71,-54.66,19.97,89.0,88.0,2.04
418,sakakah,28.74,39.91,,,,
419,bouake,7.84,-4.69,84.2,70.0,40.0,6.93
420,bagotville,49.43,-70.54,74.24,100.0,100.0,14.67
421,shwebo,23.2,95.63,69.2,80.0,32.0,2.93
422,bandarbeyla,8.95,50.33,78.2,100.0,0.0,11.65
423,evanston,41.52,-110.75,37.4,59.0,20.0,18.34
424,honningsvag,79.87,25.89,21.2,67.0,20.0,19.46
425,ampanihy,-25.3,43.56,70.55,89.0,0.0,7.96
426,inhambane,-27.49,36.68,74.42,100.0,44.0,8.75
427,lagoa,46.43,-31.32,55.4,43.0,0.0,8.05
428,acapulco,2.68,-106.06,82.4,69.0,5.0,3.36
429,burgeo,47.4,-57.25,31.13,100.0,68.0,26.42
430,livramento,-13.77,-41.7,87.8,66.0,20.0,6.93
431,miri,6.72,112.81,68.66,55.0,0.0,2.15
432,sorland,67.92,9.22,35.6,99.0,75.0,10.29
433,snyder,33.08,-100.65,59.0,22.0,1.0,5.82
434,makakilo city,12.12,-162.36,75.2,77.0,90.0,8.05
435,jinchang,41.02,102.07,30.77,65.0,8.0,8.97
436,urdzhar,47.4,81.36,,,,
437,otane,-40.87,177.98,58.4,91.0,0.0,3.15
438,santa luzia,-7.62,-46.97,86.0,54.0,20.0,5.82
439,rosia,46.76,22.45,46.4,75.0,40.0,13.87
440,azimur,35.05,-8.93,,,,
441,carmen,19.16,-92.32,69.83,94.0,0.0,2.82
442,tankhoy,51.35,105.15,24.74,78.0,8.0,8.75
443,scarborough,55.75,1.02,42.8,86.0,44.0,2.24
444,jhanjharpur,26.07,86.34,64.7,53.0,8.0,3.04
445,watsa,3.42,29.48,65.69,98.0,92.0,3.04
446,alofi,-26.74,-168.42,75.2,100.0,75.0,2.24
447,hami,43.8,90.92,36.08,76.0,0.0,2.59
448,saraland,31.52,-87.77,71.6,35.0,20.0,10.29
449,kualakapuas,-3.37,113.91,73.79,97.0,20.0,3.38
450,rincon,12.85,-68.48,82.4,88.0,1.0,10.29
451,aksarka,68.68,68.04,-16.94,49.0,36.0,9.42
452,muisne,2.41,-83.33,83.96,74.0,12.0,5.39
453,gao,15.75,-0.99,79.55,23.0,0.0,6.73
454,bonito,-20.76,-56.3,85.76,72.0,24.0,5.73
455,banska bystrica,48.74,19.25,30.2,50.0,75.0,19.46
456,oyama,33.36,138.57,41.0,60.0,75.0,14.99
457,camana,-19.3,-73.97,,,,
458,tunxi,29.6,118.6,,,,
459,naze,23.37,138.01,74.15,93.0,48.0,3.71
460,kharitonovo,62.23,47.54,20.6,88.0,76.0,16.69
461,guozhen,34.8,107.36,32.21,98.0,20.0,2.93
462,kavieng,-1.06,150.57,83.06,100.0,56.0,10.65
463,labrea,-6.33,-65.53,,,,
464,alpinopolis,-21.02,-46.41,81.98,61.0,32.0,3.6
465,taoudenni,25.19,-6.92,66.68,20.0,0.0,7.96
466,corumba,-19.42,-57.84,84.2,69.0,40.0,5.82
467,maniitsoq,62.99,-56.13,28.07,80.0,12.0,3.15
468,redlands,39.81,-109.53,77.0,28.0,1.0,2.59
469,bubaque,6.5,-18.7,84.2,62.0,0.0,11.41
470,kangaatsiaq,69.8,-55.8,16.73,100.0,92.0,11.43
471,okhotsk,60.32,144.9,4.94,100.0,32.0,6.06
472,bedele,8.44,36.93,58.13,99.0,76.0,2.71
473,kruisfontein,-65.5,26.19,62.72,97.0,8.0,10.98
474,mount gambier,-52.65,129.37,54.44,62.0,0.0,6.85
475,mumford,0.19,1.6,80.9,84.0,8.0,11.99
476,half moon bay,29.87,-136.75,55.4,81.0,75.0,9.17
477,storforshei,65.83,15.59,28.4,92.0,90.0,3.36
478,moree,-28.9,147.07,66.5,79.0,8.0,5.28
479,mudgee,-32.15,149.77,63.98,82.0,36.0,17.25
480,aquiraz,1.8,-34.27,84.2,74.0,40.0,8.05
481,danielskuil,-28.61,22.76,68.75,56.0,32.0,11.21
482,berlevag,78.94,29.85,19.4,67.0,8.0,24.16
483,biga,40.38,27.51,50.21,68.0,24.0,7.52
484,sitka,48.41,-139.04,58.94,58.0,0.0,9.98
485,aflu,33.63,0.08,,,,
486,tharad,24.27,71.32,71.45,30.0,0.0,9.42
487,pizarro,3.81,-81.3,80.45,87.0,76.0,7.74
488,goderich,2.02,-20.26,36.53,52.0,8.0,15.35
489,louisbourg,37.99,-57.71,,,,
490,supaul,26.06,86.7,64.7,53.0,8.0,3.04
491,sioux lookout,56.62,-89.88,26.6,27.0,75.0,3.36
492,chinsali,-10.33,31.85,63.71,96.0,24.0,6.17
493,gizo,-11.53,156.96,62.6,82.0,0.0,3.36
494,jalu,26.29,21.03,66.86,35.0,0.0,11.54
495,asfi,31.96,-10.55,,,,
496,esso,55.74,158.13,4.22,84.0,76.0,2.59
497,braslav,55.67,27.33,,,,
498,rambha,19.33,85.24,72.98,81.0,12.0,1.36
499,amboasary,-24.06,45.97,75.2,94.0,20.0,2.24
500,saleaula,3.37,-169.5,,,,
501,yanam,13.91,85.18,76.67,89.0,12.0,5.39
502,toliary,-21.93,42.76,,,,
503,yavaros,26.47,-109.56,84.14,30.0,8.0,14.23
504,kushiro,40.61,144.2,7.73,75.0,0.0,2.26
505,san luis,16.19,-89.82,76.4,21.0,0.0,13.78
506,lufilufi,-9.71,-169.57,78.8,83.0,75.0,8.05
507,harper,-2.45,-9.8,69.8,25.0,1.0,9.17
508,mahajanga,-14.61,45.64,80.6,83.0,20.0,4.7
509,acari,-17.15,-75.02,74.15,88.0,48.0,6.4
510,anadyr,63.52,173.85,-9.41,76.0,0.0,2.24
511,tuggurt,34.16,5.94,,,,
512,sur,14.93,63.72,71.99,100.0,0.0,2.15
513,tarudant,27.89,-5.09,,,,
514,hede,33.77,120.84,26.6,68.0,0.0,3.36
515,haines city,28.05,-81.63,80.6,83.0,75.0,20.8
516,upata,6.14,-61.72,86.93,47.0,80.0,11.99
517,flin flon,62.92,-102.72,28.4,42.0,40.0,6.93
518,bandar-e lengeh,27.11,54.64,71.72,100.0,0.0,8.3
519,saint-augustin,58.36,-58.87,46.4,49.0,0.0,11.41
520,tigil,59.58,157.74,13.58,79.0,64.0,7.96
521,kurilsk,47.0,146.52,19.16,100.0,36.0,14.0
522,lima,-17.47,-85.83,70.28,70.0,32.0,2.71
523,belaya gora,70.22,145.38,-36.47,72.0,8.0,3.15
524,japura,-0.96,-68.68,72.8,98.0,48.0,2.04
525,mopipi,-22.43,24.3,82.7,37.0,64.0,8.75
526,barra patuca,16.74,-84.0,82.88,83.0,8.0,14.12
527,bull savanna,17.04,-78.19,83.24,56.0,36.0,7.74
528,mathbaria,21.61,89.87,69.74,92.0,0.0,2.48
529,kananga,-5.74,22.5,71.81,91.0,92.0,2.71
530,zhezkazgan,47.11,68.81,35.45,83.0,8.0,6.96
531,jonkoping,57.48,14.32,24.8,68.0,0.0,2.37
532,lunel,43.67,4.17,44.6,36.0,0.0,11.41
533,kiama,-37.6,156.73,59.0,100.0,90.0,11.41
534,christchurch,-49.46,177.36,60.8,93.0,0.0,4.7
535,tumannyy,80.33,39.99,,,,
536,petropavlovsk-kamchatskiy,53.7,159.91,14.0,72.0,8.0,4.47
537,taltal,-25.08,-79.15,69.74,67.0,0.0,3.94
538,puerto escondido,8.48,-98.77,82.4,69.0,5.0,11.41
539,santa cruz,6.76,-90.42,55.4,87.0,75.0,5.82
540,abu samrah,23.38,49.02,53.54,58.0,8.0,7.4
541,sofiysk,52.61,134.15,,,,
542,mogzon,51.25,111.68,25.64,80.0,12.0,3.6
543,kibala,-11.14,15.92,93.2,38.0,0.0,4.27
544,revelstoke,51.47,-117.82,39.2,80.0,90.0,3.36
545,weatherford,35.82,-98.62,62.6,36.0,5.0,13.87
546,kodinsk,60.93,99.62,23.84,62.0,80.0,7.74
547,waipawa,-41.49,176.17,62.36,76.0,0.0,7.18
548,sibolga,-0.62,94.63,66.68,100.0,48.0,1.14
549,sanok,49.48,22.28,24.8,85.0,75.0,5.82
550,salym,59.93,71.85,20.24,78.0,48.0,6.96
551,ternate,1.8,128.85,80.6,83.0,40.0,8.05
552,sumbe,-10.4,12.55,75.77,100.0,88.0,4.61
553,orlik,52.46,99.51,-4.97,65.0,0.0,2.15
554,tarata,-17.04,-70.0,55.79,75.0,80.0,2.59
555,araouane,19.05,-3.17,73.79,18.0,0.0,8.41
556,buraydah,26.77,44.13,80.6,30.0,0.0,5.82
557,nijar,37.01,-2.17,53.6,37.0,20.0,11.41
558,soyo,-7.15,8.0,77.93,88.0,32.0,3.38
559,kununurra,-14.56,127.87,77.0,88.0,8.0,5.28
560,prince rupert,54.04,-129.68,41.0,80.0,90.0,6.93
561,moussoro,14.29,16.91,72.8,44.0,0.0,4.16
562,sim,54.66,57.56,85.4,49.0,32.0,7.74
563,werda,-24.83,23.0,26.6,86.0,75.0,8.05
564,mendahara,-0.13,102.46,,,,
565,aliwal north,-30.6,26.99,52.46,91.0,0.0,4.83
566,igarka,67.9,84.54,6.2,80.0,68.0,13.78
567,palana,59.95,160.61,12.14,88.0,32.0,3.38
568,santa fe,-30.31,-60.53,81.8,31.0,0.0,9.53
569,ngukurr,-14.94,135.22,,,,
570,kedrovyy,56.66,79.41,17.6,67.0,0.0,2.24
571,vila velha,-22.76,-36.81,84.2,74.0,40.0,8.05
572,beruwala,5.73,78.02,77.39,100.0,76.0,3.94
573,cayenne,13.81,-46.01,84.2,74.0,80.0,13.87
574,kashi,40.17,75.86,,,,
575,pevek,86.19,174.25,-24.86,76.0,0.0,6.62
576,shiyan,33.34,111.11,27.53,79.0,0.0,2.15
577,kirensk,59.37,107.57,24.56,73.0,92.0,10.54
578,kendari,-3.6,124.34,72.8,97.0,32.0,2.71
579,eidsvag,62.58,8.0,35.6,100.0,75.0,16.11
580,meulaboh,3.62,94.74,76.76,100.0,24.0,5.28
581,honiara,-11.71,159.71,73.4,94.0,40.0,4.7
582,shanghai,30.67,121.61,41.0,93.0,75.0,6.71
583,segovia,7.27,-74.61,41.0,56.0,75.0,17.22
584,atlatlahuca,19.07,-99.61,,,,
585,cardenas,23.0,-81.09,78.8,24.0,5.0,10.29
586,pilar,10.05,127.43,77.0,44.0,20.0,10.29
587,alyangula,-15.63,139.86,78.29,100.0,80.0,14.0
588,kinshasa,-4.32,15.47,84.2,74.0,20.0,4.7
589,kem,65.5,34.97,64.34,93.0,8.0,4.38
590,listvyanka,52.32,105.15,35.6,69.0,0.0,8.95
591,havre-saint-pierre,50.71,-62.83,30.2,86.0,90.0,25.28
592,subate,55.91,26.07,27.26,83.0,44.0,12.21
593,geraldton,-32.94,102.78,19.4,20.0,5.0,8.05
594,fernandopolis,-20.28,-50.37,83.51,64.0,48.0,1.59
595,urambo,-5.11,31.96,68.03,87.0,76.0,3.38
596,rabo de peixe,38.81,-25.17,62.6,93.0,20.0,13.87
597,la rioja,-27.78,-67.47,82.34,31.0,0.0,3.71
598,voskresenskoye,56.44,45.3,20.06,91.0,56.0,5.95
599,gravelbourg,50.07,-106.51,26.63,100.0,32.0,5.73
600,zhucheng,35.98,119.1,39.2,80.0,0.0,4.47
601,divnomorskoye,42.93,37.56,49.94,95.0,68.0,14.45
602,homer,59.3,-152.5,39.2,38.0,1.0,17.22
603,valle de allende,26.88,-105.61,76.13,14.0,0.0,5.61
604,koszalin,54.49,16.06,30.5,71.0,76.0,9.64
605,lasa,29.59,89.78,60.8,66.0,20.0,6.93
606,hervey bay,-25.45,154.52,76.4,96.0,88.0,15.46
607,papara,-19.1,-150.21,84.2,74.0,40.0,8.05
608,shupiyan,33.43,74.79,35.9,85.0,88.0,1.92
609,mehamn,86.92,29.45,21.2,72.0,40.0,16.11
610,smithers,57.25,-125.97,37.4,56.0,75.0,5.82
611,mouila,-2.13,10.57,74.33,99.0,92.0,1.92
612,conceicao da barra,-20.03,-36.93,81.71,88.0,0.0,15.01
613,chagda,58.68,130.01,,,,
614,pultusk,52.73,21.1,26.6,63.0,0.0,6.93
615,mogadishu,0.39,47.63,81.26,100.0,76.0,16.46
616,mansa,-10.93,28.86,75.2,31.0,0.0,6.4
617,samandag,36.45,35.77,,,,
618,marcona,-22.91,-80.56,,,,
619,noumea,-26.07,165.36,68.0,88.0,0.0,6.29
620,mitsamiouli,-9.49,44.5,81.08,100.0,0.0,0.58
621,qasigiannguit,67.38,-50.52,17.6,92.0,90.0,3.36
622,healdsburg,38.2,-123.75,57.2,76.0,90.0,16.11
623,kizukuri,41.68,138.82,20.33,100.0,0.0,4.83
624,viligili,0.14,74.09,,,,
625,attawapiskat,62.22,-86.94,,,,
626,teahupoo,-19.28,-147.97,86.0,62.0,40.0,3.36
627,hovd,43.62,101.04,35.6,80.0,90.0,14.99
628,yelizovo,52.43,157.77,14.0,72.0,48.0,4.47
629,san jose,10.95,-91.31,67.49,95.0,24.0,2.04
630,clarence town,22.8,-76.1,71.6,88.0,90.0,23.04
631,hobyo,5.32,50.02,80.9,86.0,92.0,13.0
632,port-cartier,54.41,-69.23,41.0,38.0,75.0,13.87
633,aklavik,75.16,-138.77,6.8,65.0,75.0,2.24
634,lazarev,52.85,141.41,9.8,76.0,56.0,7.4
635,candawaga,9.26,117.02,,,,
636,moron,11.18,-68.23,93.2,32.0,0.0,2.24
637,mut,36.44,33.22,49.85,38.0,0.0,4.61
638,obidos,-2.13,-55.59,51.8,76.0,20.0,14.99
639,damghan,35.16,54.95,44.63,83.0,0.0,2.82
640,voyvozh,63.27,55.09,0.35,73.0,68.0,9.42
641,ashland,41.97,-122.54,42.8,86.0,90.0,5.82
642,strezhevoy,61.07,77.23,21.2,92.0,75.0,13.42
643,maumere,-9.44,122.46,80.09,100.0,68.0,6.29
644,solnechnyy,63.14,138.72,22.4,71.0,88.0,6.62
645,san lawrenz,35.29,13.46,60.8,77.0,0.0,16.11
646,labuhan,-21.71,92.86,72.44,96.0,76.0,0.81
647,marsa matruh,30.12,26.17,64.4,88.0,20.0,11.41
648,bosobolo,4.01,19.78,76.04,74.0,8.0,9.42
649,baishishan,43.24,127.41,-0.38,63.0,0.0,2.59
650,sinjar,36.15,41.4,53.54,58.0,8.0,7.4
651,nuqui,5.73,-78.06,77.21,100.0,44.0,3.6
652,ballangen,67.9,16.9,26.6,92.0,90.0,16.11
653,kiunga,-6.69,140.56,70.64,99.0,92.0,2.71
654,panjab,33.91,66.77,25.01,85.0,0.0,2.04
655,san vicente,18.34,124.97,89.6,38.0,20.0,8.05
656,pecos,31.0,-103.91,62.6,25.0,1.0,3.36
657,muscat,24.3,59.63,75.2,69.0,0.0,2.24
658,eyl,7.96,49.97,76.31,100.0,56.0,12.77
659,flinders,-33.31,128.33,59.0,100.0,90.0,11.41
660,ginir,7.44,40.38,55.88,73.0,0.0,2.48
661,sroda wielkopolska,52.23,17.33,32.0,82.0,20.0,9.17
662,saint-pierre,39.51,-55.44,37.4,64.0,0.0,11.41
663,raahe,64.6,24.76,8.6,92.0,0.0,4.7
664,ulundurpettai,11.69,79.32,,,,
665,cherdyn,60.59,56.33,21.32,85.0,80.0,10.87
666,margate,-38.92,41.19,46.4,75.0,75.0,9.17
667,talnakh,69.87,89.47,-2.27,81.0,68.0,23.29
668,berezovyy,51.46,135.63,20.96,65.0,36.0,7.96
669,la palma,6.06,-79.95,74.6,84.0,24.0,2.15
670,constitucion,23.64,-115.4,71.6,11.0,5.0,9.17
671,cocal,-3.61,-41.88,87.8,70.0,40.0,13.87
672,dalnerechensk,46.09,133.73,-0.92,68.0,0.0,3.27
673,kambove,-10.54,25.71,65.87,96.0,80.0,2.93
674,wuda,38.94,107.68,34.46,90.0,0.0,8.63
675,batagay-alyta,66.25,130.89,-28.73,42.0,8.0,2.71
676,quatre cocos,-18.82,61.11,80.6,88.0,75.0,5.95
677,ushtobe,45.97,78.15,39.05,80.0,0.0,2.93
678,sinnamary,15.39,-48.14,79.73,97.0,88.0,11.77
679,ornskoldsvik,65.67,18.31,23.0,62.0,0.0,10.29
680,gomel,52.88,31.14,,,,
681,mehran,32.81,46.09,53.6,58.0,0.0,4.7
682,makali,8.36,-12.01,82.43,64.0,32.0,7.52
683,alirajpur,22.2,74.27,66.41,50.0,0.0,4.72
684,big spring,31.68,-101.58,66.2,18.0,1.0,5.82
685,saint-francois,17.62,-56.53,35.6,64.0,0.0,13.87
686,formosa do rio preto,-10.86,-44.82,73.7,92.0,56.0,3.27
687,haibowan,41.82,107.82,,,,
688,pisco,-24.83,-89.9,77.0,61.0,0.0,12.75
689,banjar,-12.74,105.81,67.58,92.0,24.0,1.7
690,jinxiang,27.21,121.5,27.98,80.0,0.0,7.63
691,rawson,-48.08,-58.03,60.56,35.0,0.0,4.83
692,tucuma,0.43,-49.81,,,,
693,goundam,16.99,-3.96,80.54,29.0,0.0,7.18
694,cap malheureux,-13.66,58.39,80.6,88.0,75.0,9.53
695,horsham,-36.36,141.1,53.9,73.0,80.0,12.88
696,rantauprapat,2.08,100.15,70.82,95.0,48.0,2.37
697,tura,67.1,102.34,63.35,81.0,24.0,2.37
698,karratha,-17.31,114.82,82.16,74.0,8.0,7.18
699,nantucket,39.36,-69.06,35.6,55.0,1.0,13.87
